"cvoID_1826","voID_1","memberVO_1"
"cvoID_1826","voID_2","memberVO_2"
"cvoID_1826","voID_3","memberVO_3"
"cvoID_1827","voID_1","memberVO_1"
"cvoID_1827","voID_2","memberVO_2"
"cvoID_1827","voID_3","memberVO_3"
"cvoID_1828","voID_1","memberVO_1"
"cvoID_1828","voID_2","memberVO_2"
"cvoID_1828","voID_3","memberVO_3"
"cvoID_1829","voID_1","memberVO_1"
"cvoID_1829","voID_2","memberVO_2"
"cvoID_1829","voID_3","memberVO_3"
"cvoID_1830","voID_1","memberVO_1"
"cvoID_1830","voID_2","memberVO_2"
"cvoID_1830","voID_3","memberVO_3"
"cvoID_1831","voID_1","memberVO_1"
"cvoID_1831","voID_2","memberVO_2"
"cvoID_1831","voID_3","memberVO_3"
"cvoID_1832","voID_1","memberVO_1"
"cvoID_1832","voID_2","memberVO_2"
"cvoID_1832","voID_3","memberVO_3"
"cvoID_1833","voID_1","memberVO_1"
"cvoID_1833","voID_2","memberVO_2"
"cvoID_1833","voID_3","memberVO_3"
"cvoID_1834","voID_1","memberVO_1"
"cvoID_1834","voID_2","memberVO_2"
"cvoID_1834","voID_3","memberVO_3"
"cvoID_1835","voID_1","memberVO_1"
"cvoID_1835","voID_2","memberVO_2"
"cvoID_1835","voID_3","memberVO_3"
"cvoID_1836","voID_1","memberVO_1"
"cvoID_1836","voID_2","memberVO_2"
"cvoID_1836","voID_3","memberVO_3"
"cvoID_1837","voID_1","memberVO_1"
"cvoID_1837","voID_2","memberVO_2"
"cvoID_1837","voID_3","memberVO_3"
"cvoID_1838","voID_1","memberVO_1"
"cvoID_1838","voID_2","memberVO_2"
"cvoID_1838","voID_3","memberVO_3"
"cvoID_1839","voID_1","memberVO_1"
"cvoID_1839","voID_2","memberVO_2"
"cvoID_1839","voID_3","memberVO_3"
"cvoID_1840","voID_1","memberVO_1"
"cvoID_1840","voID_2","memberVO_2"
"cvoID_1840","voID_3","memberVO_3"
"cvoID_1841","voID_1","memberVO_1"
"cvoID_1841","voID_2","memberVO_2"
"cvoID_1841","voID_3","memberVO_3"
"cvoID_1842","voID_1","memberVO_1"
"cvoID_1842","voID_2","memberVO_2"
"cvoID_1842","voID_3","memberVO_3"
"cvoID_1843","voID_1","memberVO_1"
"cvoID_1843","voID_2","memberVO_2"
"cvoID_1843","voID_3","memberVO_3"
"cvoID_1844","voID_1","memberVO_1"
"cvoID_1844","voID_2","memberVO_2"
"cvoID_1844","voID_3","memberVO_3"
"cvoID_1845","voID_1","memberVO_1"
"cvoID_1845","voID_2","memberVO_2"
"cvoID_1845","voID_3","memberVO_3"
"cvoID_1846","voID_1","memberVO_1"
"cvoID_1846","voID_2","memberVO_2"
"cvoID_1846","voID_3","memberVO_3"
"cvoID_1847","voID_1","memberVO_1"
"cvoID_1847","voID_2","memberVO_2"
"cvoID_1847","voID_3","memberVO_3"
"cvoID_1848","voID_1","memberVO_1"
"cvoID_1848","voID_2","memberVO_2"
"cvoID_1848","voID_3","memberVO_3"
"cvoID_1849","voID_1","memberVO_1"
"cvoID_1849","voID_2","memberVO_2"
"cvoID_1849","voID_3","memberVO_3"
"cvoID_1850","voID_1","memberVO_1"
"cvoID_1850","voID_2","memberVO_2"
"cvoID_1850","voID_3","memberVO_3"
"cvoID_1851","voID_1","memberVO_1"
"cvoID_1851","voID_2","memberVO_2"
"cvoID_1851","voID_3","memberVO_3"
"cvoID_1852","voID_1","memberVO_1"
"cvoID_1852","voID_2","memberVO_2"
"cvoID_1852","voID_3","memberVO_3"
"cvoID_1853","voID_1","memberVO_1"
"cvoID_1853","voID_2","memberVO_2"
"cvoID_1853","voID_3","memberVO_3"
"cvoID_1854","voID_1","memberVO_1"
"cvoID_1854","voID_2","memberVO_2"
"cvoID_1854","voID_3","memberVO_3"
"cvoID_1855","voID_1","memberVO_1"
"cvoID_1855","voID_2","memberVO_2"
"cvoID_1855","voID_3","memberVO_3"
"cvoID_1856","voID_1","memberVO_1"
"cvoID_1856","voID_2","memberVO_2"
"cvoID_1856","voID_3","memberVO_3"
"cvoID_1857","voID_1","memberVO_1"
"cvoID_1857","voID_2","memberVO_2"
"cvoID_1857","voID_3","memberVO_3"
"cvoID_1858","voID_1","memberVO_1"
"cvoID_1858","voID_2","memberVO_2"
"cvoID_1858","voID_3","memberVO_3"
"cvoID_1859","voID_1","memberVO_1"
"cvoID_1859","voID_2","memberVO_2"
"cvoID_1859","voID_3","memberVO_3"
"cvoID_1860","voID_1","memberVO_1"
"cvoID_1860","voID_2","memberVO_2"
"cvoID_1860","voID_3","memberVO_3"
"cvoID_1861","voID_1","memberVO_1"
"cvoID_1861","voID_2","memberVO_2"
"cvoID_1861","voID_3","memberVO_3"
"cvoID_1862","voID_1","memberVO_1"
"cvoID_1862","voID_2","memberVO_2"
"cvoID_1862","voID_3","memberVO_3"
"cvoID_1863","voID_1","memberVO_1"
"cvoID_1863","voID_2","memberVO_2"
"cvoID_1863","voID_3","memberVO_3"
"cvoID_1864","voID_1","memberVO_1"
"cvoID_1864","voID_2","memberVO_2"
"cvoID_1864","voID_3","memberVO_3"
"cvoID_1865","voID_1","memberVO_1"
"cvoID_1865","voID_2","memberVO_2"
"cvoID_1865","voID_3","memberVO_3"
"cvoID_1866","voID_1","memberVO_1"
"cvoID_1866","voID_2","memberVO_2"
"cvoID_1866","voID_3","memberVO_3"
"cvoID_1867","voID_1","memberVO_1"
"cvoID_1867","voID_2","memberVO_2"
"cvoID_1867","voID_3","memberVO_3"
"cvoID_1868","voID_1","memberVO_1"
"cvoID_1868","voID_2","memberVO_2"
"cvoID_1868","voID_3","memberVO_3"
"cvoID_1869","voID_1","memberVO_1"
"cvoID_1869","voID_2","memberVO_2"
"cvoID_1869","voID_3","memberVO_3"
"cvoID_1870","voID_1","memberVO_1"
"cvoID_1870","voID_2","memberVO_2"
"cvoID_1870","voID_3","memberVO_3"
"cvoID_1871","voID_1","memberVO_1"
"cvoID_1871","voID_2","memberVO_2"
"cvoID_1871","voID_3","memberVO_3"
"cvoID_1872","voID_1","memberVO_1"
"cvoID_1872","voID_2","memberVO_2"
"cvoID_1872","voID_3","memberVO_3"
"cvoID_1873","voID_1","memberVO_1"
"cvoID_1873","voID_2","memberVO_2"
"cvoID_1873","voID_3","memberVO_3"
"cvoID_1874","voID_1","memberVO_1"
"cvoID_1874","voID_2","memberVO_2"
"cvoID_1874","voID_3","memberVO_3"
"cvoID_1875","voID_1","memberVO_1"
"cvoID_1875","voID_2","memberVO_2"
"cvoID_1875","voID_3","memberVO_3"
"cvoID_1876","voID_1","memberVO_1"
"cvoID_1876","voID_2","memberVO_2"
"cvoID_1876","voID_3","memberVO_3"
"cvoID_1877","voID_1","memberVO_1"
"cvoID_1877","voID_2","memberVO_2"
"cvoID_1877","voID_3","memberVO_3"
"cvoID_1878","voID_1","memberVO_1"
"cvoID_1878","voID_2","memberVO_2"
"cvoID_1878","voID_3","memberVO_3"
"cvoID_1879","voID_1","memberVO_1"
"cvoID_1879","voID_2","memberVO_2"
"cvoID_1879","voID_3","memberVO_3"
"cvoID_1880","voID_1","memberVO_1"
"cvoID_1880","voID_2","memberVO_2"
"cvoID_1880","voID_3","memberVO_3"
"cvoID_1881","voID_1","memberVO_1"
"cvoID_1881","voID_2","memberVO_2"
"cvoID_1881","voID_3","memberVO_3"
"cvoID_1882","voID_1","memberVO_1"
"cvoID_1882","voID_2","memberVO_2"
"cvoID_1882","voID_3","memberVO_3"
"cvoID_1883","voID_1","memberVO_1"
"cvoID_1883","voID_2","memberVO_2"
"cvoID_1883","voID_3","memberVO_3"
"cvoID_1884","voID_1","memberVO_1"
"cvoID_1884","voID_2","memberVO_2"
"cvoID_1884","voID_3","memberVO_3"
"cvoID_1885","voID_1","memberVO_1"
"cvoID_1885","voID_2","memberVO_2"
"cvoID_1885","voID_3","memberVO_3"
"cvoID_1886","voID_1","memberVO_1"
"cvoID_1886","voID_2","memberVO_2"
"cvoID_1886","voID_3","memberVO_3"
"cvoID_1887","voID_1","memberVO_1"
"cvoID_1887","voID_2","memberVO_2"
"cvoID_1887","voID_3","memberVO_3"
"cvoID_1888","voID_1","memberVO_1"
"cvoID_1888","voID_2","memberVO_2"
"cvoID_1888","voID_3","memberVO_3"
"cvoID_1889","voID_1","memberVO_1"
"cvoID_1889","voID_2","memberVO_2"
"cvoID_1889","voID_3","memberVO_3"
"cvoID_1890","voID_1","memberVO_1"
"cvoID_1890","voID_2","memberVO_2"
"cvoID_1890","voID_3","memberVO_3"
"cvoID_1891","voID_1","memberVO_1"
"cvoID_1891","voID_2","memberVO_2"
"cvoID_1891","voID_3","memberVO_3"
"cvoID_1892","voID_1","memberVO_1"
"cvoID_1892","voID_2","memberVO_2"
"cvoID_1892","voID_3","memberVO_3"
"cvoID_1893","voID_1","memberVO_1"
"cvoID_1893","voID_2","memberVO_2"
"cvoID_1893","voID_3","memberVO_3"
"cvoID_1894","voID_1","memberVO_1"
"cvoID_1894","voID_2","memberVO_2"
"cvoID_1894","voID_3","memberVO_3"
"cvoID_1895","voID_1","memberVO_1"
"cvoID_1895","voID_2","memberVO_2"
"cvoID_1895","voID_3","memberVO_3"
"cvoID_1896","voID_1","memberVO_1"
"cvoID_1896","voID_2","memberVO_2"
"cvoID_1896","voID_3","memberVO_3"
"cvoID_1897","voID_1","memberVO_1"
"cvoID_1897","voID_2","memberVO_2"
"cvoID_1897","voID_3","memberVO_3"
"cvoID_1898","voID_1","memberVO_1"
"cvoID_1898","voID_2","memberVO_2"
"cvoID_1898","voID_3","memberVO_3"
"cvoID_1899","voID_1","memberVO_1"
"cvoID_1899","voID_2","memberVO_2"
"cvoID_1899","voID_3","memberVO_3"
"cvoID_1900","voID_1","memberVO_1"
"cvoID_1900","voID_2","memberVO_2"
"cvoID_1900","voID_3","memberVO_3"
"cvoID_1901","voID_1","memberVO_1"
"cvoID_1901","voID_2","memberVO_2"
"cvoID_1901","voID_3","memberVO_3"
"cvoID_1902","voID_1","memberVO_1"
"cvoID_1902","voID_2","memberVO_2"
"cvoID_1902","voID_3","memberVO_3"
"cvoID_1903","voID_1","memberVO_1"
"cvoID_1903","voID_2","memberVO_2"
"cvoID_1903","voID_3","memberVO_3"
"cvoID_1904","voID_1","memberVO_1"
"cvoID_1904","voID_2","memberVO_2"
"cvoID_1904","voID_3","memberVO_3"
"cvoID_1905","voID_1","memberVO_1"
"cvoID_1905","voID_2","memberVO_2"
"cvoID_1905","voID_3","memberVO_3"
"cvoID_1906","voID_1","memberVO_1"
"cvoID_1906","voID_2","memberVO_2"
"cvoID_1906","voID_3","memberVO_3"
"cvoID_1907","voID_1","memberVO_1"
"cvoID_1907","voID_2","memberVO_2"
"cvoID_1907","voID_3","memberVO_3"
"cvoID_1908","voID_1","memberVO_1"
"cvoID_1908","voID_2","memberVO_2"
"cvoID_1908","voID_3","memberVO_3"
"cvoID_1909","voID_1","memberVO_1"
"cvoID_1909","voID_2","memberVO_2"
"cvoID_1909","voID_3","memberVO_3"
"cvoID_1910","voID_1","memberVO_1"
"cvoID_1910","voID_2","memberVO_2"
"cvoID_1910","voID_3","memberVO_3"
"cvoID_1911","voID_1","memberVO_1"
"cvoID_1911","voID_2","memberVO_2"
"cvoID_1911","voID_3","memberVO_3"
"cvoID_1912","voID_1","memberVO_1"
"cvoID_1912","voID_2","memberVO_2"
"cvoID_1912","voID_3","memberVO_3"
"cvoID_1913","voID_1","memberVO_1"
"cvoID_1913","voID_2","memberVO_2"
"cvoID_1913","voID_3","memberVO_3"
"cvoID_1914","voID_1","memberVO_1"
"cvoID_1914","voID_2","memberVO_2"
"cvoID_1914","voID_3","memberVO_3"
"cvoID_1915","voID_1","memberVO_1"
"cvoID_1915","voID_2","memberVO_2"
"cvoID_1915","voID_3","memberVO_3"
"cvoID_1916","voID_1","memberVO_1"
"cvoID_1916","voID_2","memberVO_2"
"cvoID_1916","voID_3","memberVO_3"
"cvoID_1917","voID_1","memberVO_1"
"cvoID_1917","voID_2","memberVO_2"
"cvoID_1917","voID_3","memberVO_3"
"cvoID_1918","voID_1","memberVO_1"
"cvoID_1918","voID_2","memberVO_2"
"cvoID_1918","voID_3","memberVO_3"
"cvoID_1919","voID_1","memberVO_1"
"cvoID_1919","voID_2","memberVO_2"
"cvoID_1919","voID_3","memberVO_3"
"cvoID_1920","voID_1","memberVO_1"
"cvoID_1920","voID_2","memberVO_2"
"cvoID_1920","voID_3","memberVO_3"
"cvoID_1921","voID_1","memberVO_1"
"cvoID_1921","voID_2","memberVO_2"
"cvoID_1921","voID_3","memberVO_3"
"cvoID_1922","voID_1","memberVO_1"
"cvoID_1922","voID_2","memberVO_2"
"cvoID_1922","voID_3","memberVO_3"
"cvoID_1923","voID_1","memberVO_1"
"cvoID_1923","voID_2","memberVO_2"
"cvoID_1923","voID_3","memberVO_3"
"cvoID_1924","voID_1","memberVO_1"
"cvoID_1924","voID_2","memberVO_2"
"cvoID_1924","voID_3","memberVO_3"
"cvoID_1925","voID_1","memberVO_1"
"cvoID_1925","voID_2","memberVO_2"
"cvoID_1925","voID_3","memberVO_3"
"cvoID_1826","voID_1","memberVO_1"
"cvoID_1826","voID_2","memberVO_2"
"cvoID_1826","voID_3","memberVO_3"
"cvoID_1827","voID_1","memberVO_1"
"cvoID_1827","voID_2","memberVO_2"
"cvoID_1827","voID_3","memberVO_3"
"cvoID_1828","voID_1","memberVO_1"
"cvoID_1828","voID_2","memberVO_2"
"cvoID_1828","voID_3","memberVO_3"
"cvoID_1829","voID_1","memberVO_1"
"cvoID_1829","voID_2","memberVO_2"
"cvoID_1829","voID_3","memberVO_3"
"cvoID_1830","voID_1","memberVO_1"
"cvoID_1830","voID_2","memberVO_2"
"cvoID_1830","voID_3","memberVO_3"
"cvoID_1831","voID_1","memberVO_1"
"cvoID_1831","voID_2","memberVO_2"
"cvoID_1831","voID_3","memberVO_3"
"cvoID_1832","voID_1","memberVO_1"
"cvoID_1832","voID_2","memberVO_2"
"cvoID_1832","voID_3","memberVO_3"
"cvoID_1833","voID_1","memberVO_1"
"cvoID_1833","voID_2","memberVO_2"
"cvoID_1833","voID_3","memberVO_3"
"cvoID_1834","voID_1","memberVO_1"
"cvoID_1834","voID_2","memberVO_2"
"cvoID_1834","voID_3","memberVO_3"
"cvoID_1835","voID_1","memberVO_1"
"cvoID_1835","voID_2","memberVO_2"
"cvoID_1835","voID_3","memberVO_3"
"cvoID_1836","voID_1","memberVO_1"
"cvoID_1836","voID_2","memberVO_2"
"cvoID_1836","voID_3","memberVO_3"
"cvoID_1837","voID_1","memberVO_1"
"cvoID_1837","voID_2","memberVO_2"
"cvoID_1837","voID_3","memberVO_3"
"cvoID_1838","voID_1","memberVO_1"
"cvoID_1838","voID_2","memberVO_2"
"cvoID_1838","voID_3","memberVO_3"
"cvoID_1839","voID_1","memberVO_1"
"cvoID_1839","voID_2","memberVO_2"
"cvoID_1839","voID_3","memberVO_3"
"cvoID_1840","voID_1","memberVO_1"
"cvoID_1840","voID_2","memberVO_2"
"cvoID_1840","voID_3","memberVO_3"
"cvoID_1841","voID_1","memberVO_1"
"cvoID_1841","voID_2","memberVO_2"
"cvoID_1841","voID_3","memberVO_3"
"cvoID_1842","voID_1","memberVO_1"
"cvoID_1842","voID_2","memberVO_2"
"cvoID_1842","voID_3","memberVO_3"
"cvoID_1843","voID_1","memberVO_1"
"cvoID_1843","voID_2","memberVO_2"
"cvoID_1843","voID_3","memberVO_3"
"cvoID_1844","voID_1","memberVO_1"
"cvoID_1844","voID_2","memberVO_2"
"cvoID_1844","voID_3","memberVO_3"
"cvoID_1845","voID_1","memberVO_1"
"cvoID_1845","voID_2","memberVO_2"
"cvoID_1845","voID_3","memberVO_3"
"cvoID_1846","voID_1","memberVO_1"
"cvoID_1846","voID_2","memberVO_2"
"cvoID_1846","voID_3","memberVO_3"
"cvoID_1847","voID_1","memberVO_1"
"cvoID_1847","voID_2","memberVO_2"
"cvoID_1847","voID_3","memberVO_3"
"cvoID_1848","voID_1","memberVO_1"
"cvoID_1848","voID_2","memberVO_2"
"cvoID_1848","voID_3","memberVO_3"
"cvoID_1849","voID_1","memberVO_1"
"cvoID_1849","voID_2","memberVO_2"
"cvoID_1849","voID_3","memberVO_3"
"cvoID_1850","voID_1","memberVO_1"
"cvoID_1850","voID_2","memberVO_2"
"cvoID_1850","voID_3","memberVO_3"
"cvoID_1851","voID_1","memberVO_1"
"cvoID_1851","voID_2","memberVO_2"
"cvoID_1851","voID_3","memberVO_3"
"cvoID_1852","voID_1","memberVO_1"
"cvoID_1852","voID_2","memberVO_2"
"cvoID_1852","voID_3","memberVO_3"
"cvoID_1853","voID_1","memberVO_1"
"cvoID_1853","voID_2","memberVO_2"
"cvoID_1853","voID_3","memberVO_3"
"cvoID_1854","voID_1","memberVO_1"
"cvoID_1854","voID_2","memberVO_2"
"cvoID_1854","voID_3","memberVO_3"
"cvoID_1855","voID_1","memberVO_1"
"cvoID_1855","voID_2","memberVO_2"
"cvoID_1855","voID_3","memberVO_3"
"cvoID_1856","voID_1","memberVO_1"
"cvoID_1856","voID_2","memberVO_2"
"cvoID_1856","voID_3","memberVO_3"
"cvoID_1857","voID_1","memberVO_1"
"cvoID_1857","voID_2","memberVO_2"
"cvoID_1857","voID_3","memberVO_3"
"cvoID_1858","voID_1","memberVO_1"
"cvoID_1858","voID_2","memberVO_2"
"cvoID_1858","voID_3","memberVO_3"
"cvoID_1859","voID_1","memberVO_1"
"cvoID_1859","voID_2","memberVO_2"
"cvoID_1859","voID_3","memberVO_3"
"cvoID_1860","voID_1","memberVO_1"
"cvoID_1860","voID_2","memberVO_2"
"cvoID_1860","voID_3","memberVO_3"
"cvoID_1861","voID_1","memberVO_1"
"cvoID_1861","voID_2","memberVO_2"
"cvoID_1861","voID_3","memberVO_3"
"cvoID_1862","voID_1","memberVO_1"
"cvoID_1862","voID_2","memberVO_2"
"cvoID_1862","voID_3","memberVO_3"
"cvoID_1863","voID_1","memberVO_1"
"cvoID_1863","voID_2","memberVO_2"
"cvoID_1863","voID_3","memberVO_3"
"cvoID_1864","voID_1","memberVO_1"
"cvoID_1864","voID_2","memberVO_2"
"cvoID_1864","voID_3","memberVO_3"
"cvoID_1865","voID_1","memberVO_1"
"cvoID_1865","voID_2","memberVO_2"
"cvoID_1865","voID_3","memberVO_3"
"cvoID_1866","voID_1","memberVO_1"
"cvoID_1866","voID_2","memberVO_2"
"cvoID_1866","voID_3","memberVO_3"
"cvoID_1867","voID_1","memberVO_1"
"cvoID_1867","voID_2","memberVO_2"
"cvoID_1867","voID_3","memberVO_3"
"cvoID_1868","voID_1","memberVO_1"
"cvoID_1868","voID_2","memberVO_2"
"cvoID_1868","voID_3","memberVO_3"
"cvoID_1869","voID_1","memberVO_1"
"cvoID_1869","voID_2","memberVO_2"
"cvoID_1869","voID_3","memberVO_3"
"cvoID_1870","voID_1","memberVO_1"
"cvoID_1870","voID_2","memberVO_2"
"cvoID_1870","voID_3","memberVO_3"
"cvoID_1871","voID_1","memberVO_1"
"cvoID_1871","voID_2","memberVO_2"
"cvoID_1871","voID_3","memberVO_3"
"cvoID_1872","voID_1","memberVO_1"
"cvoID_1872","voID_2","memberVO_2"
"cvoID_1872","voID_3","memberVO_3"
"cvoID_1873","voID_1","memberVO_1"
"cvoID_1873","voID_2","memberVO_2"
"cvoID_1873","voID_3","memberVO_3"
"cvoID_1874","voID_1","memberVO_1"
"cvoID_1874","voID_2","memberVO_2"
"cvoID_1874","voID_3","memberVO_3"
"cvoID_1875","voID_1","memberVO_1"
"cvoID_1875","voID_2","memberVO_2"
"cvoID_1875","voID_3","memberVO_3"
"cvoID_1876","voID_1","memberVO_1"
"cvoID_1876","voID_2","memberVO_2"
"cvoID_1876","voID_3","memberVO_3"
"cvoID_1877","voID_1","memberVO_1"
"cvoID_1877","voID_2","memberVO_2"
"cvoID_1877","voID_3","memberVO_3"
"cvoID_1878","voID_1","memberVO_1"
"cvoID_1878","voID_2","memberVO_2"
"cvoID_1878","voID_3","memberVO_3"
"cvoID_1879","voID_1","memberVO_1"
"cvoID_1879","voID_2","memberVO_2"
"cvoID_1879","voID_3","memberVO_3"
"cvoID_1880","voID_1","memberVO_1"
"cvoID_1880","voID_2","memberVO_2"
"cvoID_1880","voID_3","memberVO_3"
"cvoID_1881","voID_1","memberVO_1"
"cvoID_1881","voID_2","memberVO_2"
"cvoID_1881","voID_3","memberVO_3"
"cvoID_1882","voID_1","memberVO_1"
"cvoID_1882","voID_2","memberVO_2"
"cvoID_1882","voID_3","memberVO_3"
"cvoID_1883","voID_1","memberVO_1"
"cvoID_1883","voID_2","memberVO_2"
"cvoID_1883","voID_3","memberVO_3"
"cvoID_1884","voID_1","memberVO_1"
"cvoID_1884","voID_2","memberVO_2"
"cvoID_1884","voID_3","memberVO_3"
"cvoID_1885","voID_1","memberVO_1"
"cvoID_1885","voID_2","memberVO_2"
"cvoID_1885","voID_3","memberVO_3"
"cvoID_1886","voID_1","memberVO_1"
"cvoID_1886","voID_2","memberVO_2"
"cvoID_1886","voID_3","memberVO_3"
"cvoID_1887","voID_1","memberVO_1"
"cvoID_1887","voID_2","memberVO_2"
"cvoID_1887","voID_3","memberVO_3"
"cvoID_1888","voID_1","memberVO_1"
"cvoID_1888","voID_2","memberVO_2"
"cvoID_1888","voID_3","memberVO_3"
"cvoID_1889","voID_1","memberVO_1"
"cvoID_1889","voID_2","memberVO_2"
"cvoID_1889","voID_3","memberVO_3"
"cvoID_1890","voID_1","memberVO_1"
"cvoID_1890","voID_2","memberVO_2"
"cvoID_1890","voID_3","memberVO_3"
"cvoID_1891","voID_1","memberVO_1"
"cvoID_1891","voID_2","memberVO_2"
"cvoID_1891","voID_3","memberVO_3"
"cvoID_1892","voID_1","memberVO_1"
"cvoID_1892","voID_2","memberVO_2"
"cvoID_1892","voID_3","memberVO_3"
"cvoID_1893","voID_1","memberVO_1"
"cvoID_1893","voID_2","memberVO_2"
"cvoID_1893","voID_3","memberVO_3"
"cvoID_1894","voID_1","memberVO_1"
"cvoID_1894","voID_2","memberVO_2"
"cvoID_1894","voID_3","memberVO_3"
"cvoID_1895","voID_1","memberVO_1"
"cvoID_1895","voID_2","memberVO_2"
"cvoID_1895","voID_3","memberVO_3"
"cvoID_1896","voID_1","memberVO_1"
"cvoID_1896","voID_2","memberVO_2"
"cvoID_1896","voID_3","memberVO_3"
"cvoID_1897","voID_1","memberVO_1"
"cvoID_1897","voID_2","memberVO_2"
"cvoID_1897","voID_3","memberVO_3"
"cvoID_1898","voID_1","memberVO_1"
"cvoID_1898","voID_2","memberVO_2"
"cvoID_1898","voID_3","memberVO_3"
"cvoID_1899","voID_1","memberVO_1"
"cvoID_1899","voID_2","memberVO_2"
"cvoID_1899","voID_3","memberVO_3"
"cvoID_1900","voID_1","memberVO_1"
"cvoID_1900","voID_2","memberVO_2"
"cvoID_1900","voID_3","memberVO_3"
"cvoID_1901","voID_1","memberVO_1"
"cvoID_1901","voID_2","memberVO_2"
"cvoID_1901","voID_3","memberVO_3"
"cvoID_1902","voID_1","memberVO_1"
"cvoID_1902","voID_2","memberVO_2"
"cvoID_1902","voID_3","memberVO_3"
"cvoID_1903","voID_1","memberVO_1"
"cvoID_1903","voID_2","memberVO_2"
"cvoID_1903","voID_3","memberVO_3"
"cvoID_1904","voID_1","memberVO_1"
"cvoID_1904","voID_2","memberVO_2"
"cvoID_1904","voID_3","memberVO_3"
"cvoID_1905","voID_1","memberVO_1"
"cvoID_1905","voID_2","memberVO_2"
"cvoID_1905","voID_3","memberVO_3"
"cvoID_1906","voID_1","memberVO_1"
"cvoID_1906","voID_2","memberVO_2"
"cvoID_1906","voID_3","memberVO_3"
"cvoID_1907","voID_1","memberVO_1"
"cvoID_1907","voID_2","memberVO_2"
"cvoID_1907","voID_3","memberVO_3"
"cvoID_1908","voID_1","memberVO_1"
"cvoID_1908","voID_2","memberVO_2"
"cvoID_1908","voID_3","memberVO_3"
"cvoID_1909","voID_1","memberVO_1"
"cvoID_1909","voID_2","memberVO_2"
"cvoID_1909","voID_3","memberVO_3"
"cvoID_1910","voID_1","memberVO_1"
"cvoID_1910","voID_2","memberVO_2"
"cvoID_1910","voID_3","memberVO_3"
"cvoID_1911","voID_1","memberVO_1"
"cvoID_1911","voID_2","memberVO_2"
"cvoID_1911","voID_3","memberVO_3"
"cvoID_1912","voID_1","memberVO_1"
"cvoID_1912","voID_2","memberVO_2"
"cvoID_1912","voID_3","memberVO_3"
"cvoID_1913","voID_1","memberVO_1"
"cvoID_1913","voID_2","memberVO_2"
"cvoID_1913","voID_3","memberVO_3"
"cvoID_1914","voID_1","memberVO_1"
"cvoID_1914","voID_2","memberVO_2"
"cvoID_1914","voID_3","memberVO_3"
"cvoID_1915","voID_1","memberVO_1"
"cvoID_1915","voID_2","memberVO_2"
"cvoID_1915","voID_3","memberVO_3"
"cvoID_1916","voID_1","memberVO_1"
"cvoID_1916","voID_2","memberVO_2"
"cvoID_1916","voID_3","memberVO_3"
"cvoID_1917","voID_1","memberVO_1"
"cvoID_1917","voID_2","memberVO_2"
"cvoID_1917","voID_3","memberVO_3"
"cvoID_1918","voID_1","memberVO_1"
"cvoID_1918","voID_2","memberVO_2"
"cvoID_1918","voID_3","memberVO_3"
"cvoID_1919","voID_1","memberVO_1"
"cvoID_1919","voID_2","memberVO_2"
"cvoID_1919","voID_3","memberVO_3"
"cvoID_1920","voID_1","memberVO_1"
"cvoID_1920","voID_2","memberVO_2"
"cvoID_1920","voID_3","memberVO_3"
"cvoID_1921","voID_1","memberVO_1"
"cvoID_1921","voID_2","memberVO_2"
"cvoID_1921","voID_3","memberVO_3"
"cvoID_1922","voID_1","memberVO_1"
"cvoID_1922","voID_2","memberVO_2"
"cvoID_1922","voID_3","memberVO_3"
"cvoID_1923","voID_1","memberVO_1"
"cvoID_1923","voID_2","memberVO_2"
"cvoID_1923","voID_3","memberVO_3"
"cvoID_1924","voID_1","memberVO_1"
"cvoID_1924","voID_2","memberVO_2"
"cvoID_1924","voID_3","memberVO_3"
"cvoID_1925","voID_1","memberVO_1"
"cvoID_1925","voID_2","memberVO_2"
"cvoID_1925","voID_3","memberVO_3"
"cvoID_1826","voID_1","memberVO_1"
"cvoID_1826","voID_2","memberVO_2"
"cvoID_1826","voID_3","memberVO_3"
"cvoID_1827","voID_1","memberVO_1"
"cvoID_1827","voID_2","memberVO_2"
"cvoID_1827","voID_3","memberVO_3"
"cvoID_1828","voID_1","memberVO_1"
"cvoID_1828","voID_2","memberVO_2"
"cvoID_1828","voID_3","memberVO_3"
"cvoID_1829","voID_1","memberVO_1"
"cvoID_1829","voID_2","memberVO_2"
"cvoID_1829","voID_3","memberVO_3"
"cvoID_1830","voID_1","memberVO_1"
"cvoID_1830","voID_2","memberVO_2"
"cvoID_1830","voID_3","memberVO_3"
"cvoID_1831","voID_1","memberVO_1"
"cvoID_1831","voID_2","memberVO_2"
"cvoID_1831","voID_3","memberVO_3"
"cvoID_1832","voID_1","memberVO_1"
"cvoID_1832","voID_2","memberVO_2"
"cvoID_1832","voID_3","memberVO_3"
"cvoID_1833","voID_1","memberVO_1"
"cvoID_1833","voID_2","memberVO_2"
"cvoID_1833","voID_3","memberVO_3"
"cvoID_1834","voID_1","memberVO_1"
"cvoID_1834","voID_2","memberVO_2"
"cvoID_1834","voID_3","memberVO_3"
"cvoID_1835","voID_1","memberVO_1"
"cvoID_1835","voID_2","memberVO_2"
"cvoID_1835","voID_3","memberVO_3"
"cvoID_1836","voID_1","memberVO_1"
"cvoID_1836","voID_2","memberVO_2"
"cvoID_1836","voID_3","memberVO_3"
"cvoID_1837","voID_1","memberVO_1"
"cvoID_1837","voID_2","memberVO_2"
"cvoID_1837","voID_3","memberVO_3"
"cvoID_1838","voID_1","memberVO_1"
"cvoID_1838","voID_2","memberVO_2"
"cvoID_1838","voID_3","memberVO_3"
"cvoID_1839","voID_1","memberVO_1"
"cvoID_1839","voID_2","memberVO_2"
"cvoID_1839","voID_3","memberVO_3"
"cvoID_1840","voID_1","memberVO_1"
"cvoID_1840","voID_2","memberVO_2"
"cvoID_1840","voID_3","memberVO_3"
"cvoID_1841","voID_1","memberVO_1"
"cvoID_1841","voID_2","memberVO_2"
"cvoID_1841","voID_3","memberVO_3"
"cvoID_1842","voID_1","memberVO_1"
"cvoID_1842","voID_2","memberVO_2"
"cvoID_1842","voID_3","memberVO_3"
"cvoID_1843","voID_1","memberVO_1"
"cvoID_1843","voID_2","memberVO_2"
"cvoID_1843","voID_3","memberVO_3"
"cvoID_1844","voID_1","memberVO_1"
"cvoID_1844","voID_2","memberVO_2"
"cvoID_1844","voID_3","memberVO_3"
"cvoID_1845","voID_1","memberVO_1"
"cvoID_1845","voID_2","memberVO_2"
"cvoID_1845","voID_3","memberVO_3"
"cvoID_1846","voID_1","memberVO_1"
"cvoID_1846","voID_2","memberVO_2"
"cvoID_1846","voID_3","memberVO_3"
"cvoID_1847","voID_1","memberVO_1"
"cvoID_1847","voID_2","memberVO_2"
"cvoID_1847","voID_3","memberVO_3"
"cvoID_1848","voID_1","memberVO_1"
"cvoID_1848","voID_2","memberVO_2"
"cvoID_1848","voID_3","memberVO_3"
"cvoID_1849","voID_1","memberVO_1"
"cvoID_1849","voID_2","memberVO_2"
"cvoID_1849","voID_3","memberVO_3"
"cvoID_1850","voID_1","memberVO_1"
"cvoID_1850","voID_2","memberVO_2"
"cvoID_1850","voID_3","memberVO_3"
"cvoID_1851","voID_1","memberVO_1"
"cvoID_1851","voID_2","memberVO_2"
"cvoID_1851","voID_3","memberVO_3"
"cvoID_1852","voID_1","memberVO_1"
"cvoID_1852","voID_2","memberVO_2"
"cvoID_1852","voID_3","memberVO_3"
"cvoID_1853","voID_1","memberVO_1"
"cvoID_1853","voID_2","memberVO_2"
"cvoID_1853","voID_3","memberVO_3"
"cvoID_1854","voID_1","memberVO_1"
"cvoID_1854","voID_2","memberVO_2"
"cvoID_1854","voID_3","memberVO_3"
"cvoID_1855","voID_1","memberVO_1"
"cvoID_1855","voID_2","memberVO_2"
"cvoID_1855","voID_3","memberVO_3"
"cvoID_1856","voID_1","memberVO_1"
"cvoID_1856","voID_2","memberVO_2"
"cvoID_1856","voID_3","memberVO_3"
"cvoID_1857","voID_1","memberVO_1"
"cvoID_1857","voID_2","memberVO_2"
"cvoID_1857","voID_3","memberVO_3"
"cvoID_1858","voID_1","memberVO_1"
"cvoID_1858","voID_2","memberVO_2"
"cvoID_1858","voID_3","memberVO_3"
"cvoID_1859","voID_1","memberVO_1"
"cvoID_1859","voID_2","memberVO_2"
"cvoID_1859","voID_3","memberVO_3"
"cvoID_1860","voID_1","memberVO_1"
"cvoID_1860","voID_2","memberVO_2"
"cvoID_1860","voID_3","memberVO_3"
"cvoID_1861","voID_1","memberVO_1"
"cvoID_1861","voID_2","memberVO_2"
"cvoID_1861","voID_3","memberVO_3"
"cvoID_1862","voID_1","memberVO_1"
"cvoID_1862","voID_2","memberVO_2"
"cvoID_1862","voID_3","memberVO_3"
"cvoID_1863","voID_1","memberVO_1"
"cvoID_1863","voID_2","memberVO_2"
"cvoID_1863","voID_3","memberVO_3"
"cvoID_1864","voID_1","memberVO_1"
"cvoID_1864","voID_2","memberVO_2"
"cvoID_1864","voID_3","memberVO_3"
"cvoID_1865","voID_1","memberVO_1"
"cvoID_1865","voID_2","memberVO_2"
"cvoID_1865","voID_3","memberVO_3"
"cvoID_1866","voID_1","memberVO_1"
"cvoID_1866","voID_2","memberVO_2"
"cvoID_1866","voID_3","memberVO_3"
"cvoID_1867","voID_1","memberVO_1"
"cvoID_1867","voID_2","memberVO_2"
"cvoID_1867","voID_3","memberVO_3"
"cvoID_1868","voID_1","memberVO_1"
"cvoID_1868","voID_2","memberVO_2"
"cvoID_1868","voID_3","memberVO_3"
"cvoID_1869","voID_1","memberVO_1"
"cvoID_1869","voID_2","memberVO_2"
"cvoID_1869","voID_3","memberVO_3"
"cvoID_1870","voID_1","memberVO_1"
"cvoID_1870","voID_2","memberVO_2"
"cvoID_1870","voID_3","memberVO_3"
"cvoID_1871","voID_1","memberVO_1"
"cvoID_1871","voID_2","memberVO_2"
"cvoID_1871","voID_3","memberVO_3"
"cvoID_1872","voID_1","memberVO_1"
"cvoID_1872","voID_2","memberVO_2"
"cvoID_1872","voID_3","memberVO_3"
"cvoID_1873","voID_1","memberVO_1"
"cvoID_1873","voID_2","memberVO_2"
"cvoID_1873","voID_3","memberVO_3"
"cvoID_1874","voID_1","memberVO_1"
"cvoID_1874","voID_2","memberVO_2"
"cvoID_1874","voID_3","memberVO_3"
"cvoID_1875","voID_1","memberVO_1"
"cvoID_1875","voID_2","memberVO_2"
"cvoID_1875","voID_3","memberVO_3"
"cvoID_1876","voID_1","memberVO_1"
"cvoID_1876","voID_2","memberVO_2"
"cvoID_1876","voID_3","memberVO_3"
"cvoID_1877","voID_1","memberVO_1"
"cvoID_1877","voID_2","memberVO_2"
"cvoID_1877","voID_3","memberVO_3"
"cvoID_1878","voID_1","memberVO_1"
"cvoID_1878","voID_2","memberVO_2"
"cvoID_1878","voID_3","memberVO_3"
"cvoID_1879","voID_1","memberVO_1"
"cvoID_1879","voID_2","memberVO_2"
"cvoID_1879","voID_3","memberVO_3"
"cvoID_1880","voID_1","memberVO_1"
"cvoID_1880","voID_2","memberVO_2"
"cvoID_1880","voID_3","memberVO_3"
"cvoID_1881","voID_1","memberVO_1"
"cvoID_1881","voID_2","memberVO_2"
"cvoID_1881","voID_3","memberVO_3"
"cvoID_1882","voID_1","memberVO_1"
"cvoID_1882","voID_2","memberVO_2"
"cvoID_1882","voID_3","memberVO_3"
"cvoID_1883","voID_1","memberVO_1"
"cvoID_1883","voID_2","memberVO_2"
"cvoID_1883","voID_3","memberVO_3"
"cvoID_1884","voID_1","memberVO_1"
"cvoID_1884","voID_2","memberVO_2"
"cvoID_1884","voID_3","memberVO_3"
"cvoID_1885","voID_1","memberVO_1"
"cvoID_1885","voID_2","memberVO_2"
"cvoID_1885","voID_3","memberVO_3"
"cvoID_1886","voID_1","memberVO_1"
"cvoID_1886","voID_2","memberVO_2"
"cvoID_1886","voID_3","memberVO_3"
"cvoID_1887","voID_1","memberVO_1"
"cvoID_1887","voID_2","memberVO_2"
"cvoID_1887","voID_3","memberVO_3"
"cvoID_1888","voID_1","memberVO_1"
"cvoID_1888","voID_2","memberVO_2"
"cvoID_1888","voID_3","memberVO_3"
"cvoID_1889","voID_1","memberVO_1"
"cvoID_1889","voID_2","memberVO_2"
"cvoID_1889","voID_3","memberVO_3"
"cvoID_1890","voID_1","memberVO_1"
"cvoID_1890","voID_2","memberVO_2"
"cvoID_1890","voID_3","memberVO_3"
"cvoID_1891","voID_1","memberVO_1"
"cvoID_1891","voID_2","memberVO_2"
"cvoID_1891","voID_3","memberVO_3"
"cvoID_1892","voID_1","memberVO_1"
"cvoID_1892","voID_2","memberVO_2"
"cvoID_1892","voID_3","memberVO_3"
"cvoID_1893","voID_1","memberVO_1"
"cvoID_1893","voID_2","memberVO_2"
"cvoID_1893","voID_3","memberVO_3"
"cvoID_1894","voID_1","memberVO_1"
"cvoID_1894","voID_2","memberVO_2"
"cvoID_1894","voID_3","memberVO_3"
"cvoID_1895","voID_1","memberVO_1"
"cvoID_1895","voID_2","memberVO_2"
"cvoID_1895","voID_3","memberVO_3"
"cvoID_1896","voID_1","memberVO_1"
"cvoID_1896","voID_2","memberVO_2"
"cvoID_1896","voID_3","memberVO_3"
"cvoID_1897","voID_1","memberVO_1"
"cvoID_1897","voID_2","memberVO_2"
"cvoID_1897","voID_3","memberVO_3"
"cvoID_1898","voID_1","memberVO_1"
"cvoID_1898","voID_2","memberVO_2"
"cvoID_1898","voID_3","memberVO_3"
"cvoID_1899","voID_1","memberVO_1"
"cvoID_1899","voID_2","memberVO_2"
"cvoID_1899","voID_3","memberVO_3"
"cvoID_1900","voID_1","memberVO_1"
"cvoID_1900","voID_2","memberVO_2"
"cvoID_1900","voID_3","memberVO_3"
"cvoID_1901","voID_1","memberVO_1"
"cvoID_1901","voID_2","memberVO_2"
"cvoID_1901","voID_3","memberVO_3"
"cvoID_1902","voID_1","memberVO_1"
"cvoID_1902","voID_2","memberVO_2"
"cvoID_1902","voID_3","memberVO_3"
"cvoID_1903","voID_1","memberVO_1"
"cvoID_1903","voID_2","memberVO_2"
"cvoID_1903","voID_3","memberVO_3"
"cvoID_1904","voID_1","memberVO_1"
"cvoID_1904","voID_2","memberVO_2"
"cvoID_1904","voID_3","memberVO_3"
"cvoID_1905","voID_1","memberVO_1"
"cvoID_1905","voID_2","memberVO_2"
"cvoID_1905","voID_3","memberVO_3"
"cvoID_1906","voID_1","memberVO_1"
"cvoID_1906","voID_2","memberVO_2"
"cvoID_1906","voID_3","memberVO_3"
"cvoID_1907","voID_1","memberVO_1"
"cvoID_1907","voID_2","memberVO_2"
"cvoID_1907","voID_3","memberVO_3"
"cvoID_1908","voID_1","memberVO_1"
"cvoID_1908","voID_2","memberVO_2"
"cvoID_1908","voID_3","memberVO_3"
"cvoID_1909","voID_1","memberVO_1"
"cvoID_1909","voID_2","memberVO_2"
"cvoID_1909","voID_3","memberVO_3"
"cvoID_1910","voID_1","memberVO_1"
"cvoID_1910","voID_2","memberVO_2"
"cvoID_1910","voID_3","memberVO_3"
"cvoID_1911","voID_1","memberVO_1"
"cvoID_1911","voID_2","memberVO_2"
"cvoID_1911","voID_3","memberVO_3"
"cvoID_1912","voID_1","memberVO_1"
"cvoID_1912","voID_2","memberVO_2"
"cvoID_1912","voID_3","memberVO_3"
"cvoID_1913","voID_1","memberVO_1"
"cvoID_1913","voID_2","memberVO_2"
"cvoID_1913","voID_3","memberVO_3"
"cvoID_1914","voID_1","memberVO_1"
"cvoID_1914","voID_2","memberVO_2"
"cvoID_1914","voID_3","memberVO_3"
"cvoID_1915","voID_1","memberVO_1"
"cvoID_1915","voID_2","memberVO_2"
"cvoID_1915","voID_3","memberVO_3"
"cvoID_1916","voID_1","memberVO_1"
"cvoID_1916","voID_2","memberVO_2"
"cvoID_1916","voID_3","memberVO_3"
"cvoID_1917","voID_1","memberVO_1"
"cvoID_1917","voID_2","memberVO_2"
"cvoID_1917","voID_3","memberVO_3"
"cvoID_1918","voID_1","memberVO_1"
"cvoID_1918","voID_2","memberVO_2"
"cvoID_1918","voID_3","memberVO_3"
"cvoID_1919","voID_1","memberVO_1"
"cvoID_1919","voID_2","memberVO_2"
"cvoID_1919","voID_3","memberVO_3"
"cvoID_1920","voID_1","memberVO_1"
"cvoID_1920","voID_2","memberVO_2"
"cvoID_1920","voID_3","memberVO_3"
"cvoID_1921","voID_1","memberVO_1"
"cvoID_1921","voID_2","memberVO_2"
"cvoID_1921","voID_3","memberVO_3"
"cvoID_1922","voID_1","memberVO_1"
"cvoID_1922","voID_2","memberVO_2"
"cvoID_1922","voID_3","memberVO_3"
"cvoID_1923","voID_1","memberVO_1"
"cvoID_1923","voID_2","memberVO_2"
"cvoID_1923","voID_3","memberVO_3"
"cvoID_1924","voID_1","memberVO_1"
"cvoID_1924","voID_2","memberVO_2"
"cvoID_1924","voID_3","memberVO_3"
"cvoID_1925","voID_1","memberVO_1"
"cvoID_1925","voID_2","memberVO_2"
"cvoID_1925","voID_3","memberVO_3"
"cvoID_1826","voID_1","memberVO_1"
"cvoID_1826","voID_2","memberVO_2"
"cvoID_1826","voID_3","memberVO_3"
"cvoID_1827","voID_1","memberVO_1"
"cvoID_1827","voID_2","memberVO_2"
"cvoID_1827","voID_3","memberVO_3"
"cvoID_1828","voID_1","memberVO_1"
"cvoID_1828","voID_2","memberVO_2"
"cvoID_1828","voID_3","memberVO_3"
"cvoID_1829","voID_1","memberVO_1"
"cvoID_1829","voID_2","memberVO_2"
"cvoID_1829","voID_3","memberVO_3"
"cvoID_1830","voID_1","memberVO_1"
"cvoID_1830","voID_2","memberVO_2"
"cvoID_1830","voID_3","memberVO_3"
"cvoID_1831","voID_1","memberVO_1"
"cvoID_1831","voID_2","memberVO_2"
"cvoID_1831","voID_3","memberVO_3"
"cvoID_1832","voID_1","memberVO_1"
"cvoID_1832","voID_2","memberVO_2"
"cvoID_1832","voID_3","memberVO_3"
"cvoID_1833","voID_1","memberVO_1"
"cvoID_1833","voID_2","memberVO_2"
"cvoID_1833","voID_3","memberVO_3"
"cvoID_1834","voID_1","memberVO_1"
"cvoID_1834","voID_2","memberVO_2"
"cvoID_1834","voID_3","memberVO_3"
"cvoID_1835","voID_1","memberVO_1"
"cvoID_1835","voID_2","memberVO_2"
"cvoID_1835","voID_3","memberVO_3"
"cvoID_1836","voID_1","memberVO_1"
"cvoID_1836","voID_2","memberVO_2"
"cvoID_1836","voID_3","memberVO_3"
"cvoID_1837","voID_1","memberVO_1"
"cvoID_1837","voID_2","memberVO_2"
"cvoID_1837","voID_3","memberVO_3"
"cvoID_1838","voID_1","memberVO_1"
"cvoID_1838","voID_2","memberVO_2"
"cvoID_1838","voID_3","memberVO_3"
"cvoID_1839","voID_1","memberVO_1"
"cvoID_1839","voID_2","memberVO_2"
"cvoID_1839","voID_3","memberVO_3"
"cvoID_1840","voID_1","memberVO_1"
"cvoID_1840","voID_2","memberVO_2"
"cvoID_1840","voID_3","memberVO_3"
"cvoID_1841","voID_1","memberVO_1"
"cvoID_1841","voID_2","memberVO_2"
"cvoID_1841","voID_3","memberVO_3"
"cvoID_1842","voID_1","memberVO_1"
"cvoID_1842","voID_2","memberVO_2"
"cvoID_1842","voID_3","memberVO_3"
"cvoID_1843","voID_1","memberVO_1"
"cvoID_1843","voID_2","memberVO_2"
"cvoID_1843","voID_3","memberVO_3"
"cvoID_1844","voID_1","memberVO_1"
"cvoID_1844","voID_2","memberVO_2"
"cvoID_1844","voID_3","memberVO_3"
"cvoID_1845","voID_1","memberVO_1"
"cvoID_1845","voID_2","memberVO_2"
"cvoID_1845","voID_3","memberVO_3"
"cvoID_1846","voID_1","memberVO_1"
"cvoID_1846","voID_2","memberVO_2"
"cvoID_1846","voID_3","memberVO_3"
"cvoID_1847","voID_1","memberVO_1"
"cvoID_1847","voID_2","memberVO_2"
"cvoID_1847","voID_3","memberVO_3"
"cvoID_1848","voID_1","memberVO_1"
"cvoID_1848","voID_2","memberVO_2"
"cvoID_1848","voID_3","memberVO_3"
"cvoID_1849","voID_1","memberVO_1"
"cvoID_1849","voID_2","memberVO_2"
"cvoID_1849","voID_3","memberVO_3"
"cvoID_1850","voID_1","memberVO_1"
"cvoID_1850","voID_2","memberVO_2"
"cvoID_1850","voID_3","memberVO_3"
"cvoID_1851","voID_1","memberVO_1"
"cvoID_1851","voID_2","memberVO_2"
"cvoID_1851","voID_3","memberVO_3"
"cvoID_1852","voID_1","memberVO_1"
"cvoID_1852","voID_2","memberVO_2"
"cvoID_1852","voID_3","memberVO_3"
"cvoID_1853","voID_1","memberVO_1"
"cvoID_1853","voID_2","memberVO_2"
"cvoID_1853","voID_3","memberVO_3"
"cvoID_1854","voID_1","memberVO_1"
"cvoID_1854","voID_2","memberVO_2"
"cvoID_1854","voID_3","memberVO_3"
"cvoID_1855","voID_1","memberVO_1"
"cvoID_1855","voID_2","memberVO_2"
"cvoID_1855","voID_3","memberVO_3"
"cvoID_1856","voID_1","memberVO_1"
"cvoID_1856","voID_2","memberVO_2"
"cvoID_1856","voID_3","memberVO_3"
"cvoID_1857","voID_1","memberVO_1"
"cvoID_1857","voID_2","memberVO_2"
"cvoID_1857","voID_3","memberVO_3"
"cvoID_1858","voID_1","memberVO_1"
"cvoID_1858","voID_2","memberVO_2"
"cvoID_1858","voID_3","memberVO_3"
"cvoID_1859","voID_1","memberVO_1"
"cvoID_1859","voID_2","memberVO_2"
"cvoID_1859","voID_3","memberVO_3"
"cvoID_1860","voID_1","memberVO_1"
"cvoID_1860","voID_2","memberVO_2"
"cvoID_1860","voID_3","memberVO_3"
"cvoID_1861","voID_1","memberVO_1"
"cvoID_1861","voID_2","memberVO_2"
"cvoID_1861","voID_3","memberVO_3"
"cvoID_1862","voID_1","memberVO_1"
"cvoID_1862","voID_2","memberVO_2"
"cvoID_1862","voID_3","memberVO_3"
"cvoID_1863","voID_1","memberVO_1"
"cvoID_1863","voID_2","memberVO_2"
"cvoID_1863","voID_3","memberVO_3"
"cvoID_1864","voID_1","memberVO_1"
"cvoID_1864","voID_2","memberVO_2"
"cvoID_1864","voID_3","memberVO_3"
"cvoID_1865","voID_1","memberVO_1"
"cvoID_1865","voID_2","memberVO_2"
"cvoID_1865","voID_3","memberVO_3"
"cvoID_1866","voID_1","memberVO_1"
"cvoID_1866","voID_2","memberVO_2"
"cvoID_1866","voID_3","memberVO_3"
"cvoID_1867","voID_1","memberVO_1"
"cvoID_1867","voID_2","memberVO_2"
"cvoID_1867","voID_3","memberVO_3"
"cvoID_1868","voID_1","memberVO_1"
"cvoID_1868","voID_2","memberVO_2"
"cvoID_1868","voID_3","memberVO_3"
"cvoID_1869","voID_1","memberVO_1"
"cvoID_1869","voID_2","memberVO_2"
"cvoID_1869","voID_3","memberVO_3"
"cvoID_1870","voID_1","memberVO_1"
"cvoID_1870","voID_2","memberVO_2"
"cvoID_1870","voID_3","memberVO_3"
"cvoID_1871","voID_1","memberVO_1"
"cvoID_1871","voID_2","memberVO_2"
"cvoID_1871","voID_3","memberVO_3"
"cvoID_1872","voID_1","memberVO_1"
"cvoID_1872","voID_2","memberVO_2"
"cvoID_1872","voID_3","memberVO_3"
"cvoID_1873","voID_1","memberVO_1"
"cvoID_1873","voID_2","memberVO_2"
"cvoID_1873","voID_3","memberVO_3"
"cvoID_1874","voID_1","memberVO_1"
"cvoID_1874","voID_2","memberVO_2"
"cvoID_1874","voID_3","memberVO_3"
"cvoID_1875","voID_1","memberVO_1"
"cvoID_1875","voID_2","memberVO_2"
"cvoID_1875","voID_3","memberVO_3"
"cvoID_1876","voID_1","memberVO_1"
"cvoID_1876","voID_2","memberVO_2"
"cvoID_1876","voID_3","memberVO_3"
"cvoID_1877","voID_1","memberVO_1"
"cvoID_1877","voID_2","memberVO_2"
"cvoID_1877","voID_3","memberVO_3"
"cvoID_1878","voID_1","memberVO_1"
"cvoID_1878","voID_2","memberVO_2"
"cvoID_1878","voID_3","memberVO_3"
"cvoID_1879","voID_1","memberVO_1"
"cvoID_1879","voID_2","memberVO_2"
"cvoID_1879","voID_3","memberVO_3"
"cvoID_1880","voID_1","memberVO_1"
"cvoID_1880","voID_2","memberVO_2"
"cvoID_1880","voID_3","memberVO_3"
"cvoID_1881","voID_1","memberVO_1"
"cvoID_1881","voID_2","memberVO_2"
"cvoID_1881","voID_3","memberVO_3"
"cvoID_1882","voID_1","memberVO_1"
"cvoID_1882","voID_2","memberVO_2"
"cvoID_1882","voID_3","memberVO_3"
"cvoID_1883","voID_1","memberVO_1"
"cvoID_1883","voID_2","memberVO_2"
"cvoID_1883","voID_3","memberVO_3"
"cvoID_1884","voID_1","memberVO_1"
"cvoID_1884","voID_2","memberVO_2"
"cvoID_1884","voID_3","memberVO_3"
"cvoID_1885","voID_1","memberVO_1"
"cvoID_1885","voID_2","memberVO_2"
"cvoID_1885","voID_3","memberVO_3"
"cvoID_1886","voID_1","memberVO_1"
"cvoID_1886","voID_2","memberVO_2"
"cvoID_1886","voID_3","memberVO_3"
"cvoID_1887","voID_1","memberVO_1"
"cvoID_1887","voID_2","memberVO_2"
"cvoID_1887","voID_3","memberVO_3"
"cvoID_1888","voID_1","memberVO_1"
"cvoID_1888","voID_2","memberVO_2"
"cvoID_1888","voID_3","memberVO_3"
"cvoID_1889","voID_1","memberVO_1"
"cvoID_1889","voID_2","memberVO_2"
"cvoID_1889","voID_3","memberVO_3"
"cvoID_1890","voID_1","memberVO_1"
"cvoID_1890","voID_2","memberVO_2"
"cvoID_1890","voID_3","memberVO_3"
"cvoID_1891","voID_1","memberVO_1"
"cvoID_1891","voID_2","memberVO_2"
"cvoID_1891","voID_3","memberVO_3"
"cvoID_1892","voID_1","memberVO_1"
"cvoID_1892","voID_2","memberVO_2"
"cvoID_1892","voID_3","memberVO_3"
"cvoID_1893","voID_1","memberVO_1"
"cvoID_1893","voID_2","memberVO_2"
"cvoID_1893","voID_3","memberVO_3"
"cvoID_1894","voID_1","memberVO_1"
"cvoID_1894","voID_2","memberVO_2"
"cvoID_1894","voID_3","memberVO_3"
"cvoID_1895","voID_1","memberVO_1"
"cvoID_1895","voID_2","memberVO_2"
"cvoID_1895","voID_3","memberVO_3"
"cvoID_1896","voID_1","memberVO_1"
"cvoID_1896","voID_2","memberVO_2"
"cvoID_1896","voID_3","memberVO_3"
"cvoID_1897","voID_1","memberVO_1"
"cvoID_1897","voID_2","memberVO_2"
"cvoID_1897","voID_3","memberVO_3"
"cvoID_1898","voID_1","memberVO_1"
"cvoID_1898","voID_2","memberVO_2"
"cvoID_1898","voID_3","memberVO_3"
"cvoID_1899","voID_1","memberVO_1"
"cvoID_1899","voID_2","memberVO_2"
"cvoID_1899","voID_3","memberVO_3"
"cvoID_1900","voID_1","memberVO_1"
"cvoID_1900","voID_2","memberVO_2"
"cvoID_1900","voID_3","memberVO_3"
"cvoID_1901","voID_1","memberVO_1"
"cvoID_1901","voID_2","memberVO_2"
"cvoID_1901","voID_3","memberVO_3"
"cvoID_1902","voID_1","memberVO_1"
"cvoID_1902","voID_2","memberVO_2"
"cvoID_1902","voID_3","memberVO_3"
"cvoID_1903","voID_1","memberVO_1"
"cvoID_1903","voID_2","memberVO_2"
"cvoID_1903","voID_3","memberVO_3"
"cvoID_1904","voID_1","memberVO_1"
"cvoID_1904","voID_2","memberVO_2"
"cvoID_1904","voID_3","memberVO_3"
"cvoID_1905","voID_1","memberVO_1"
"cvoID_1905","voID_2","memberVO_2"
"cvoID_1905","voID_3","memberVO_3"
"cvoID_1906","voID_1","memberVO_1"
"cvoID_1906","voID_2","memberVO_2"
"cvoID_1906","voID_3","memberVO_3"
"cvoID_1907","voID_1","memberVO_1"
"cvoID_1907","voID_2","memberVO_2"
"cvoID_1907","voID_3","memberVO_3"
"cvoID_1908","voID_1","memberVO_1"
"cvoID_1908","voID_2","memberVO_2"
"cvoID_1908","voID_3","memberVO_3"
"cvoID_1909","voID_1","memberVO_1"
"cvoID_1909","voID_2","memberVO_2"
"cvoID_1909","voID_3","memberVO_3"
"cvoID_1910","voID_1","memberVO_1"
"cvoID_1910","voID_2","memberVO_2"
"cvoID_1910","voID_3","memberVO_3"
"cvoID_1911","voID_1","memberVO_1"
"cvoID_1911","voID_2","memberVO_2"
"cvoID_1911","voID_3","memberVO_3"
"cvoID_1912","voID_1","memberVO_1"
"cvoID_1912","voID_2","memberVO_2"
"cvoID_1912","voID_3","memberVO_3"
"cvoID_1913","voID_1","memberVO_1"
"cvoID_1913","voID_2","memberVO_2"
"cvoID_1913","voID_3","memberVO_3"
"cvoID_1914","voID_1","memberVO_1"
"cvoID_1914","voID_2","memberVO_2"
"cvoID_1914","voID_3","memberVO_3"
"cvoID_1915","voID_1","memberVO_1"
"cvoID_1915","voID_2","memberVO_2"
"cvoID_1915","voID_3","memberVO_3"
"cvoID_1916","voID_1","memberVO_1"
"cvoID_1916","voID_2","memberVO_2"
"cvoID_1916","voID_3","memberVO_3"
"cvoID_1917","voID_1","memberVO_1"
"cvoID_1917","voID_2","memberVO_2"
"cvoID_1917","voID_3","memberVO_3"
"cvoID_1918","voID_1","memberVO_1"
"cvoID_1918","voID_2","memberVO_2"
"cvoID_1918","voID_3","memberVO_3"
"cvoID_1919","voID_1","memberVO_1"
"cvoID_1919","voID_2","memberVO_2"
"cvoID_1919","voID_3","memberVO_3"
"cvoID_1920","voID_1","memberVO_1"
"cvoID_1920","voID_2","memberVO_2"
"cvoID_1920","voID_3","memberVO_3"
"cvoID_1921","voID_1","memberVO_1"
"cvoID_1921","voID_2","memberVO_2"
"cvoID_1921","voID_3","memberVO_3"
"cvoID_1922","voID_1","memberVO_1"
"cvoID_1922","voID_2","memberVO_2"
"cvoID_1922","voID_3","memberVO_3"
"cvoID_1923","voID_1","memberVO_1"
"cvoID_1923","voID_2","memberVO_2"
"cvoID_1923","voID_3","memberVO_3"
"cvoID_1924","voID_1","memberVO_1"
"cvoID_1924","voID_2","memberVO_2"
"cvoID_1924","voID_3","memberVO_3"
"cvoID_1925","voID_1","memberVO_1"
"cvoID_1925","voID_2","memberVO_2"
"cvoID_1925","voID_3","memberVO_3"
